{
    "adaptive_bed_mesh_margin": "0",
    "auxiliary_fan": "0",
    "bbl_use_printhost": "0",
    "bed_custom_model": "",
    "bed_custom_texture": "",
    "bed_exclude_area": [
        "0x0"
    ],
    "bed_mesh_max": "99999,99999",
    "bed_mesh_min": "-99999,-99999",
    "bed_mesh_probe_distance": "50,50",
    "before_layer_change_gcode": ";BEFORE_LAYER_CHANGE\n;[layer_z]\nG92 E0\n",
    "best_object_pos": "0.5,0.5",
    "change_extrusion_role_gcode": "",
    "change_filament_gcode": "",
    "cooling_tube_length": "5",
    "cooling_tube_retraction": "91.5",
    "default_bed_type": "",
    "default_filament_profile": [],
    "default_print_profile": "",
    "deretraction_speed": [
        "35"
    ],
    "disable_m73": "0",
    "emit_machine_limits_to_gcode": "0",
    "enable_filament_ramming": "0",
    "enable_long_retraction_when_cut": "0",
    "extra_loading_move": "-2",
    "extruder_clearance_height_to_lid": "120",
    "extruder_clearance_height_to_rod": "36",
    "extruder_clearance_radius": "65",
    "extruder_colour": [
        "#FCE94F"
    ],
    "extruder_offset": [
        "0x0"
    ],
    "fan_kickstart": "0",
    "fan_speedup_overhangs": "1",
    "fan_speedup_time": "0",
    "from": "User",
    "gcode_flavor": "marlin",
    "head_wrap_detect_zone": [],
    "high_current_on_filament_swap": "0",
    "host_type": "octoprint",
    "inherits": "",
    "is_custom_defined": "0",
    "layer_change_gcode": ";AFTER_LAYER_CHANGE\n;[layer_z]",
    "long_retractions_when_cut": [
        "0"
    ],
    "machine_end_gcode": "G1 E-1.0 F2100 ; retract\nG92 E0.0\nG1{if max_layer_z < max_print_height} Z{z_offset+min(max_layer_z+30, max_print_height)}{endif} E-34.0 F720 ; move print head up & retract filament",
    "machine_load_filament_time": "0",
    "machine_max_acceleration_e": [
        "5000"
    ],
    "machine_max_acceleration_extruding": [
        "10000"
    ],
    "machine_max_acceleration_retracting": [
        "1000"
    ],
    "machine_max_acceleration_travel": [
        "0",
        "0"
    ],
    "machine_max_acceleration_x": [
        "10000"
    ],
    "machine_max_acceleration_y": [
        "10000"
    ],
    "machine_max_acceleration_z": [
        "500"
    ],
    "machine_max_jerk_e": [
        "5"
    ],
    "machine_max_jerk_x": [
        "8"
    ],
    "machine_max_jerk_y": [
        "8"
    ],
    "machine_max_jerk_z": [
        "0.4"
    ],
    "machine_max_junction_deviation": [
        "0",
        "0"
    ],
    "machine_max_speed_e": [
        "60"
    ],
    "machine_max_speed_x": [
        "500"
    ],
    "machine_max_speed_y": [
        "500"
    ],
    "machine_max_speed_z": [
        "10"
    ],
    "machine_min_extruding_rate": [
        "0"
    ],
    "machine_min_travel_rate": [
        "0"
    ],
    "machine_pause_gcode": "",
    "machine_start_gcode": "G90 ; use absolute coordinates\nM83 ; extruder relative mode\nM104 S[first_layer_temperature] ; set extruder temp\nG1 X0 Y0 Z0.3 \nG1 Y1.0 Z0.3 F1000 ; move print head up\nM109 S[first_layer_temperature] ; wait for extruder temp\nG92 E0.0\n; initial load\n;G1 X205.0 E19 F1000\n;G1 Y1.6\n;G1 X5.0 E19 F1000\n;G92 E0.0\n; intro line\n;G1 Y2.0 Z0.2 F1000\n;G1 X65.0 E9.0 F1000\n;G1 X105.0 E12.5 F1000\n;G92 E0.0",
    "machine_tool_change_time": "0",
    "machine_unload_filament_time": "0",
    "manual_filament_change": "0",
    "max_layer_height": [
        "0.32"
    ],
    "max_resonance_avoidance_speed": "120",
    "min_layer_height": [
        "0.08"
    ],
    "min_resonance_avoidance_speed": "70",
    "name": "DOBOT Magician v1 0.4 nozzle",
    "nozzle_diameter": [
        "0.4"
    ],
    "nozzle_height": "2.5",
    "nozzle_hrc": "0",
    "nozzle_type": "undefine",
    "nozzle_volume": "0",
    "parking_pos_retraction": "92",
    "pellet_modded_printer": "0",
    "preferred_orientation": "0",
    "printable_area": [
        "0x0",
        "115x0",
        "115x175",
        "0x175"
    ],
    "printable_height": "110",
    "printer_model": "DOBOT Magician v1",
    "printer_notes": "",
    "printer_settings_id": "DOBOT Magician v1 0.4 nozzle",
    "printer_structure": "undefine",
    "printer_technology": "FFF",
    "printer_variant": "0.4",
    "printhost_authorization_type": "key",
    "printhost_ssl_ignore_revoke": "0",
    "printing_by_object_gcode": "",
    "purge_in_prime_tower": "0",
    "resonance_avoidance": "0",
    "retract_before_wipe": [
        "70%"
    ],
    "retract_length_toolchange": [
        "1"
    ],
    "retract_lift_above": [
        "0"
    ],
    "retract_lift_below": [
        "0"
    ],
    "retract_lift_enforce": [
        "All Surfaces"
    ],
    "retract_restart_extra": [
        "0"
    ],
    "retract_restart_extra_toolchange": [
        "0"
    ],
    "retract_when_changing_layer": [
        "1"
    ],
    "retraction_distances_when_cut": [
        "18"
    ],
    "retraction_length": [
        "0.9"
    ],
    "retraction_minimum_travel": [
        "1"
    ],
    "retraction_speed": [
        "45"
    ],
    "scan_first_layer": "0",
    "silent_mode": "0",
    "single_extruder_multi_material": "1",
    "support_air_filtration": "0",
    "support_chamber_temp_control": "0",
    "support_multi_bed_types": "0",
    "template_custom_gcode": "",
    "thumbnails": "",
    "thumbnails_format": "PNG",
    "time_cost": "0",
    "time_lapse_gcode": "",
    "travel_slope": [
        "3"
    ],
    "upward_compatible_machine": [],
    "use_firmware_retraction": "0",
    "use_relative_e_distances": "1",
    "version": "2.3.1.10",
    "wipe": [
        "0"
    ],
    "wipe_distance": [
        "1"
    ],
    "z_hop": [
        "0.4"
    ],
    "z_hop_types": [
        "Slope Lift"
    ],
    "z_offset": "0"
}
